Date,ExchangeRate
2016-01-01,199.68
2016-01-03,199.51
2016-01-04,200.11
2016-01-05,199.08
2016-01-06,198.47
2016-01-07,197.42
2016-01-08,199.34
2016-01-10,198.32
2016-01-11,199.23
2016-01-12,199.17
2016-01-13,198.05
2016-01-14,198.58
2016-01-15,199.12
2016-01-17,198.98
2016-01-18,199.29
2016-01-19,197.66
2016-01-20,199.58
2016-01-21,199.92
2016-01-22,199.06
2016-01-24,199.67
2016-01-25,198.66
2016-01-26,198.33
2016-01-27,198.8
2016-01-28,198.62
2016-01-29,199.11
2016-01-31,201.0
2016-02-01,198.78
2016-02-02,198.05
2016-02-03,196.27
2016-02-04,199.1
2016-02-05,199.07
2016-02-07,199.06
2016-02-08,199.09
2016-02-09,197.92
2016-02-10,199.15
2016-02-11,199.68
2016-02-12,199.1
2016-02-14,199.66
2016-02-15,198.04
2016-02-16,199.08
2016-02-17,198.83
2016-02-18,198.89
2016-02-19,199.12
2016-02-21,198.53
2016-02-22,199.33
2016-02-23,199.07
2016-02-24,198.04
2016-02-25,198.18
2016-02-26,199.15
2016-02-28,200.92
2016-02-29,198.12
2016-03-01,199.39
2016-03-02,199.18
2016-03-03,197.71
2016-03-04,199.11
2016-03-06,198.83
2016-03-07,199.13
2016-03-08,199.41
2016-03-09,199.08
2016-03-10,198.65
2016-03-11,197.93
2016-03-13,197.3
2016-03-14,199.3
2016-03-15,199.15
2016-03-16,196.89
2016-03-17,199.23
2016-03-18,199.17
2016-03-20,198.98
2016-03-21,199.06
2016-03-22,199.06
2016-03-23,198.91
2016-03-24,199.0
2016-03-25,199.0
2016-03-27,199.07
2016-03-28,199.12
2016-03-29,199.19
2016-03-30,199.09
2016-03-31,199.1
2016-04-01,199.08
2016-04-03,199.09
2016-04-04,199.12
2016-04-05,199.06
2016-04-06,199.16
2016-04-07,199.17
2016-04-08,199.19
2016-04-10,199.17
2016-04-11,199.13
2016-04-12,199.04
2016-04-13,199.14
2016-04-14,199.04
2016-04-15,199.13
2016-04-17,199.12
2016-04-18,199.15
2016-04-19,199.15
2016-04-20,199.1
2016-04-21,199.09
2016-04-22,199.1
2016-04-24,199.14
2016-04-25,199.11
2016-04-26,199.15
2016-04-27,199.17
2016-04-28,199.12
2016-04-29,199.11
2016-05-01,198.33
2016-05-02,199.06
2016-05-03,200.5
2016-05-04,199.1
2016-05-05,199.12
2016-05-06,198.99
2016-05-08,199.03
2016-05-09,198.93
2016-05-10,199.04
2016-05-11,199.27
2016-05-12,199.04
2016-05-13,199.04
2016-05-15,199.17
2016-05-16,199.3
2016-05-17,199.22
2016-05-18,198.94
2016-05-19,199.09
2016-05-20,199.07
2016-05-22,199.23
2016-05-23,198.99
2016-05-24,199.05
2016-05-25,199.02
2016-05-26,199.02
2016-05-27,199.04
2016-05-29,199.16
2016-05-30,199.09
2016-05-31,198.95
2016-06-01,199.12
2016-06-02,199.01
2016-06-03,198.97
2016-06-05,199.12
2016-06-06,198.92
2016-06-07,199.0
2016-06-08,198.97
2016-06-09,199.02
2016-06-10,199.02
2016-06-12,199.65
2016-06-13,198.97
2016-06-14,199.07
2016-06-15,198.98
2016-06-16,199.2
2016-06-17,199.06
2016-06-19,199.06
2016-06-20,281.52
2016-06-21,283.47
2016-06-22,282.44
2016-06-23,283.73
2016-06-24,281.4
2016-06-26,279.57
2016-06-27,282.22
2016-06-28,282.16
2016-06-29,282.62
2016-06-30,282.07
2016-07-01,282.12
2016-07-03,282.32
2016-07-04,282.03
2016-07-05,282.01
2016-07-06,282.23
2016-07-07,282.21
2016-07-08,282.77
2016-07-10,282.63
2016-07-11,282.24
2016-07-12,282.75
2016-07-13,282.81
2016-07-14,284.25
2016-07-15,290.32
2016-07-17,289.85
2016-07-18,295.25
2016-07-19,293.33
2016-07-20,294.76
2016-07-21,298.16
2016-07-22,305.23
2016-07-24,296.03
2016-07-25,310.36
2016-07-26,310.35
2016-07-27,315.27
2016-07-28,315.24
2016-07-29,318.23
2016-07-31,315.31
2016-08-01,319.96
2016-08-02,317.48
2016-08-03,318.32
2016-08-04,318.52
2016-08-05,319.27
2016-08-07,321.98
2016-08-08,316.98
2016-08-09,322.21
2016-08-10,321.45
2016-08-11,320.13
2016-08-12,320.17
2016-08-14,318.44
2016-08-15,320.28
2016-08-16,321.18
2016-08-17,321.24
2016-08-18,350.16
2016-08-19,344.47
2016-08-21,345.9
2016-08-22,329.55
2016-08-23,330.15
2016-08-24,340.3
2016-08-25,315.18
2016-08-26,315.25
2016-08-28,342.34
2016-08-29,314.74
2016-08-30,315.21
2016-08-31,315.24
2016-09-01,314.67
2016-09-02,315.24
2016-09-04,313.44
2016-09-05,314.74
2016-09-06,314.84
2016-09-07,315.4
2016-09-08,314.81
2016-09-09,315.34
2016-09-11,315.69
2016-09-12,315.28
2016-09-13,315.43
2016-09-14,315.74
2016-09-15,315.8
2016-09-16,315.71
2016-09-18,315.25
2016-09-19,315.33
2016-09-20,314.81
2016-09-21,315.36
2016-09-22,314.77
2016-09-23,315.31
2016-09-25,315.23
2016-09-26,315.28
2016-09-27,315.25
2016-09-28,315.27
2016-09-29,315.36
2016-09-30,314.8
2016-10-02,312.84
2016-10-03,314.97
2016-10-04,315.27
2016-10-05,315.22
2016-10-06,315.2
2016-10-07,315.17
2016-10-09,313.12
2016-10-10,314.74
2016-10-11,314.66
2016-10-12,315.22
2016-10-13,315.34
2016-10-14,314.74
2016-10-16,314.98
2016-10-17,315.49
2016-10-18,315.53
2016-10-19,318.15
2016-10-20,318.58
2016-10-21,314.77
2016-10-23,317.01
2016-10-24,319.79
2016-10-25,315.57
2016-10-26,314.78
2016-10-27,314.79
2016-10-28,315.43
2016-10-30,315.43
2016-10-31,315.36
2016-11-01,315.18
2016-11-02,315.8
2016-11-03,315.21
2016-11-04,314.73
2016-11-06,316.29
2016-11-07,315.32
2016-11-08,315.3
2016-11-09,314.54
2016-11-10,314.85
2016-11-11,315.22
2016-11-13,315.79
2016-11-14,315.23
2016-11-15,315.18
2016-11-16,314.64
2016-11-17,314.91
2016-11-18,315.13
2016-11-20,316.01
2016-11-21,315.36
2016-11-22,315.27
2016-11-23,315.35
2016-11-24,315.27
2016-11-25,314.92
2016-11-27,314.58
2016-11-28,315.35
2016-11-29,315.23
2016-11-30,314.66
2016-12-01,315.08
2016-12-02,315.62
2016-12-04,315.44
2016-12-05,315.0
2016-12-06,315.23
2016-12-07,314.74
2016-12-08,314.55
2016-12-09,315.34
2016-12-11,315.24
2016-12-12,316.49
2016-12-13,314.79
2016-12-14,315.24
2016-12-15,314.71
2016-12-16,315.0
2016-12-18,315.0
2016-12-19,314.98
2016-12-20,315.32
2016-12-21,315.26
2016-12-22,314.38
2016-12-23,314.34
2016-12-25,315.42
2016-12-26,314.27
2016-12-27,314.23
2016-12-28,314.92
2016-12-29,314.95
2016-12-30,314.83
2017-01-01,308.1
2017-01-02,315.53
2017-01-03,312.93
2017-01-04,313.03
2017-01-05,311.5
2017-01-06,305.84
2017-01-08,317.0
2017-01-09,303.52
2017-01-10,314.62
2017-01-11,313.42
2017-01-12,315.99
2017-01-13,314.36
2017-01-15,315.47
2017-01-16,313.98
2017-01-17,317.0
2017-01-18,317.0
2017-01-19,315.58
2017-01-20,313.51
2017-01-22,315.08
2017-01-23,313.99
2017-01-24,317.5
2017-01-25,315.45
2017-01-26,316.41
2017-01-27,314.54
2017-01-29,315.71
2017-01-30,306.77
2017-01-31,303.98
2017-02-01,305.84
2017-02-02,317.0
2017-02-03,313.01
2017-02-05,314.83
2017-02-06,314.97
2017-02-07,314.38
2017-02-08,317.5
2017-02-09,314.97
2017-02-10,314.21
2017-02-12,317.5
2017-02-13,316.37
2017-02-14,316.48
2017-02-15,313.62
2017-02-16,317.0
2017-02-17,315.59
2017-02-19,316.15
2017-02-20,315.02
2017-02-21,315.48
2017-02-22,313.51
2017-02-23,316.16
2017-02-24,317.0
2017-02-26,317.0
2017-02-27,317.0
2017-02-28,316.53
2017-03-01,314.38
2017-03-02,315.58
2017-03-03,318.5
2017-03-05,318.5
2017-03-06,310.83
2017-03-07,315.42
2017-03-08,314.59
2017-03-09,313.99
2017-03-10,312.53
2017-03-12,314.94
2017-03-13,315.38
2017-03-14,314.99
2017-03-15,317.5
2017-03-16,313.47
2017-03-17,317.0
2017-03-19,305.96
2017-03-20,306.81
2017-03-21,307.72
2017-03-22,306.78
2017-03-23,314.92
2017-03-24,314.96
2017-03-26,315.98
2017-03-27,315.0
2017-03-28,315.96
2017-03-29,316.5
2017-03-30,308.73
2017-03-31,315.5
2017-04-02,316.3
2017-04-03,313.95
2017-04-04,313.51
2017-04-05,314.95
2017-04-06,315.44
2017-04-07,317.5
2017-04-09,311.66
2017-04-10,317.5
2017-04-11,316.24
2017-04-12,315.75
2017-04-13,315.14
2017-04-14,315.78
2017-04-16,315.95
2017-04-17,314.78
2017-04-18,313.44
2017-04-19,316.5
2017-04-20,316.03
2017-04-21,314.0
2017-04-23,314.0
2017-04-24,317.0
2017-04-25,313.51
2017-04-26,314.47
2017-04-27,315.48
2017-04-28,315.98
2017-04-30,316.59
2017-05-01,315.9
2017-05-02,319.0
2017-05-03,315.48
2017-05-04,316.64
2017-05-05,313.59
2017-05-07,314.72
2017-05-08,315.04
2017-05-09,315.47
2017-05-10,317.5
2017-05-11,315.5
2017-05-12,317.5
2017-05-14,315.25
2017-05-15,324.21
2017-05-16,314.03
2017-05-17,313.58
2017-05-18,319.5
2017-05-19,319.0
2017-05-21,316.25
2017-05-22,314.49
2017-05-23,316.44
2017-05-24,325.0
2017-05-25,314.99
2017-05-26,315.94
2017-05-28,319.37
2017-05-29,325.35
2017-05-30,323.64
2017-05-31,313.98
2017-06-01,315.04
2017-06-02,313.0
2017-06-04,317.6
2017-06-05,324.0
2017-06-06,313.99
2017-06-07,313.51
2017-06-08,315.63
2017-06-09,314.44
2017-06-11,318.26
2017-06-12,314.98
2017-06-13,314.98
2017-06-14,324.5
2017-06-15,318.53
2017-06-16,324.5
2017-06-18,314.93
2017-06-19,316.44
2017-06-20,324.0
2017-06-21,324.5
2017-06-22,315.49
2017-06-23,314.49
2017-06-25,314.46
2017-06-26,324.32
2017-06-27,313.01
2017-06-28,350.5
2017-06-29,314.1
2017-06-30,313.99
2017-07-02,313.99
2017-07-03,315.49
2017-07-04,314.94
2017-07-05,314.06
2017-07-06,332.0
2017-07-07,349.5
2017-07-09,328.8
2017-07-10,315.01
2017-07-11,313.46
2017-07-12,315.98
2017-07-13,314.47
2017-07-14,313.9
2017-07-16,313.99
2017-07-17,305.84
2017-07-18,314.98
2017-07-19,350.5
2017-07-20,311.06
2017-07-21,314.76
2017-07-23,314.91
2017-07-24,314.98
2017-07-25,314.98
2017-07-26,312.03
2017-07-27,315.97
2017-07-28,306.25
2017-07-30,308.33
2017-07-31,312.03
2017-08-01,315.49
2017-08-02,315.08
2017-08-03,315.08
2017-08-04,369.02
2017-08-06,366.26
2017-08-07,365.1
2017-08-08,367.53
2017-08-09,364.83
2017-08-10,363.72
2017-08-11,363.6
2017-08-13,364.0
2017-08-14,366.44
2017-08-15,366.37
2017-08-16,362.49
2017-08-17,359.78
2017-08-18,362.5
2017-08-20,343.96
2017-08-21,358.49
2017-08-22,360.85
2017-08-23,363.5
2017-08-24,361.03
2017-08-25,356.05
2017-08-27,355.83
2017-08-28,360.95
2017-08-29,357.5
2017-08-30,355.0
2017-08-31,355.99
2017-09-01,359.73
2017-09-03,358.12
2017-09-04,358.55
2017-09-05,358.45
2017-09-06,359.56
2017-09-07,358.39
2017-09-08,361.48
2017-09-10,361.48
2017-09-11,361.1
2017-09-12,357.26
2017-09-13,355.0
2017-09-14,361.03
2017-09-15,360.2
2017-09-17,357.53
2017-09-18,360.87
2017-09-19,358.56
2017-09-20,355.5
2017-09-21,354.5
2017-09-22,358.31
2017-09-24,358.31
2017-09-25,358.39
2017-09-26,356.0
2017-09-27,357.47
2017-09-28,357.23
2017-09-29,359.0
2017-10-01,358.83
2017-10-02,358.27
2017-10-03,358.31
2017-10-04,358.3
2017-10-05,358.47
2017-10-06,359.31
2017-10-08,359.21
2017-10-09,359.88
2017-10-10,359.54
2017-10-11,356.0
2017-10-12,360.68
2017-10-13,360.18
2017-10-15,357.62
2017-10-16,359.85
2017-10-17,356.5
2017-10-18,358.55
2017-10-19,359.6
2017-10-20,360.68
2017-10-22,360.15
2017-10-23,359.78
2017-10-24,359.78
2017-10-25,358.59
2017-10-26,358.53
2017-10-27,360.57
2017-10-29,358.92
2017-10-30,359.69
2017-10-31,359.72
2017-11-01,356.0
2017-11-02,359.77
2017-11-03,361.1
2017-11-05,358.76
2017-11-06,356.0
2017-11-07,359.64
2017-11-08,359.85
2017-11-09,358.14
2017-11-10,359.22
2017-11-12,357.62
2017-11-13,359.67
2017-11-14,357.33
2017-11-15,362.28
2017-11-16,359.75
2017-11-17,360.09
2017-11-19,360.09
2017-11-20,361.11
2017-11-21,359.69
2017-11-22,360.0
2017-11-23,359.79
2017-11-24,360.0
2017-11-26,358.41
2017-11-27,361.06
2017-11-28,361.09
2017-11-29,359.73
2017-11-30,358.39
2017-12-01,360.1
2017-12-03,359.91
2017-12-04,359.74
2017-12-05,361.08
2017-12-06,359.93
2017-12-07,360.37
2017-12-08,358.9
2017-12-10,359.47
2017-12-11,360.88
2017-12-12,360.89
2017-12-13,360.12
2017-12-14,361.05
2017-12-15,361.03
2017-12-17,360.82
2017-12-18,360.25
2017-12-19,358.49
2017-12-20,358.44
2017-12-21,359.64
2017-12-22,359.19
2017-12-24,359.62
2017-12-25,358.59
2017-12-26,359.59
2017-12-27,359.61
2017-12-28,359.62
2017-12-29,358.62
2017-12-31,359.22
2018-01-01,358.52
2018-01-02,359.69
2018-01-03,359.5
2018-01-04,360.34
2018-01-05,361.18
2018-01-07,360.65
2018-01-08,359.82
2018-01-09,359.9
2018-01-10,362.29
2018-01-11,360.22
2018-01-12,360.0
2018-01-14,358.3
2018-01-15,359.88
2018-01-16,359.1
2018-01-17,359.87
2018-01-18,360.41
2018-01-19,360.0
2018-01-21,361.33
2018-01-22,360.25
2018-01-23,360.25
2018-01-24,360.5
2018-01-25,360.43
2018-01-26,360.0
2018-01-28,360.0
2018-01-29,360.25
2018-01-30,360.58
2018-01-31,359.91
2018-02-01,360.03
2018-02-02,360.0
2018-02-04,360.19
2018-02-05,360.51
2018-02-06,360.0
2018-02-07,360.59
2018-02-08,360.0
2018-02-09,360.5
2018-02-11,361.01
2018-02-12,360.75
2018-02-13,361.0
2018-02-14,360.45
2018-02-15,360.22
2018-02-16,361.0
2018-02-18,360.66
2018-02-19,360.41
2018-02-20,360.5
2018-02-21,360.25
2018-02-22,361.0
2018-02-23,360.0
2018-02-25,360.58
2018-02-26,360.18
2018-02-27,360.44
2018-02-28,361.0
2018-03-01,360.44
2018-03-02,360.5
2018-03-04,360.5
2018-03-05,360.25
2018-03-06,360.93
2018-03-07,360.26
2018-03-08,360.5
2018-03-09,360.0
2018-03-11,360.25
2018-03-12,360.24
2018-03-13,360.24
2018-03-14,360.25
2018-03-15,360.23
2018-03-16,360.0
2018-03-18,360.54
2018-03-19,359.78
2018-03-20,360.0
2018-03-21,359.87
2018-03-22,360.39
2018-03-23,360.0
2018-03-25,359.82
2018-03-26,359.74
2018-03-27,360.0
2018-03-28,359.89
2018-03-29,359.91
2018-03-30,360.0
2018-04-01,360.0
2018-04-02,360.0
2018-04-03,359.88
2018-04-04,359.25
2018-04-05,359.72
2018-04-06,360.0
2018-04-08,359.88
2018-04-09,359.09
2018-04-10,359.87
2018-04-11,359.68
2018-04-12,359.9
2018-04-13,360.0
2018-04-15,360.0
2018-04-16,360.0
2018-04-17,360.08
2018-04-18,359.66
2018-04-19,360.02
2018-04-20,360.0
2018-04-22,359.83
2018-04-23,360.04
2018-04-24,359.68
2018-04-25,359.76
2018-04-26,359.71
2018-04-27,360.0
2018-04-29,359.9
2018-04-30,359.73
2018-05-01,360.61
2018-05-02,359.89
2018-05-03,359.91
2018-05-04,359.5
2018-05-06,359.63
2018-05-07,359.68
2018-05-08,359.92
2018-05-09,360.08
2018-05-10,360.36
2018-05-11,360.5
2018-05-13,359.97
2018-05-14,360.26
2018-05-15,360.12
2018-05-16,360.17
2018-05-17,359.85
2018-05-18,360.04
2018-05-20,359.73
2018-05-21,360.32
2018-05-22,361.0
2018-05-23,360.5
2018-05-24,359.83
2018-05-25,361.0
2018-05-27,361.0
2018-05-28,359.85
2018-05-29,359.86
2018-05-30,360.25
2018-05-31,360.3
2018-06-01,360.5
2018-06-03,361.1
2018-06-04,360.77
2018-06-05,360.5
2018-06-06,360.09
2018-06-07,360.07
2018-06-08,361.0
2018-06-10,361.0
2018-06-11,359.75
2018-06-12,360.08
2018-06-13,360.3
2018-06-14,360.09
2018-06-15,360.5
2018-06-17,360.12
2018-06-18,360.09
2018-06-19,360.0
2018-06-20,359.83
2018-06-21,360.5
2018-06-22,360.0
2018-06-24,359.88
2018-06-25,359.79
2018-06-26,359.71
2018-06-27,359.71
2018-06-28,359.91
2018-06-29,360.0
2018-07-01,359.87
2018-07-02,360.15
2018-07-03,360.15
2018-07-04,359.92
2018-07-05,360.5
2018-07-06,360.5
2018-07-09,360.0
2018-07-10,361.0
2018-07-11,360.73
2018-07-12,361.0
2018-07-13,360.5
2018-07-15,360.5
2018-07-16,361.0
2018-07-17,361.0
2018-07-18,361.0
2018-07-19,361.62
2018-07-20,360.5
2018-07-22,359.03
2018-07-23,359.47
2018-07-24,361.55
2018-07-25,361.45
2018-07-26,362.0
2018-07-27,361.55
2018-07-29,361.55
2018-07-30,361.0
2018-07-31,360.73
2018-08-01,361.19
2018-08-02,360.0
2018-08-03,360.5
2018-08-05,360.48
2018-08-06,360.5
2018-08-07,360.68
2018-08-08,360.5
2018-08-09,361.24
2018-08-10,360.5
2018-08-12,359.98
2018-08-13,360.5
2018-08-14,360.5
2018-08-15,360.86
2018-08-16,361.02
2018-08-17,361.01
2018-08-19,361.01
2018-08-20,361.5
2018-08-21,362.0
2018-08-22,362.02
2018-08-23,362.68
2018-08-24,360.58
2018-08-26,360.58
2018-08-27,361.35
2018-08-28,362.06
2018-08-29,361.75
2018-08-30,362.05
2018-08-31,362.17
2018-09-01,362.17
2018-09-02,362.17
2018-09-03,359.52
2018-09-04,359.68
2018-09-05,361.52
2018-09-06,359.46
2018-09-07,359.8
2018-09-08,359.8
2018-09-09,359.8
2018-09-10,362.72
2018-09-11,363.21
2018-09-12,362.22
2018-09-13,363.31
2018-09-14,362.5
2018-09-15,362.5
2018-09-16,362.5
2018-09-17,361.81
2018-09-18,362.5
2018-09-19,362.24
2018-09-20,362.93
2018-09-21,362.5
2018-09-22,362.5
2018-09-23,362.59
2018-09-24,363.94
2018-09-25,363.0
2018-09-26,363.77
2018-09-27,363.0
2018-09-28,362.5
2018-09-29,362.5
2018-09-30,363.83
2018-10-01,363.8
2018-10-02,363.26
2018-10-03,363.0
2018-10-04,363.27
2018-10-05,363.5
2018-10-06,362.6
2018-10-07,363.5
2018-10-08,363.06
2018-10-09,363.53
2018-10-10,363.0
2018-10-11,363.62
2018-10-12,363.0
2018-10-13,363.0
2018-10-14,363.0
2018-10-15,364.0
2018-10-16,363.75
2018-10-17,364.0
2018-10-18,363.5
2018-10-19,363.5
2018-10-20,363.5
2018-10-21,363.5
2018-10-22,363.55
2018-10-23,363.5
2018-10-24,363.0
2018-10-25,363.38
2018-10-26,363.0
2018-10-27,363.0
2018-10-28,362.16
2018-10-29,363.5
2018-10-30,363.5
2018-10-31,363.63
2018-11-01,363.22
2018-11-02,363.0
2018-11-03,363.0
2018-11-04,363.22
2018-11-05,363.0
2018-11-06,362.94
2018-11-07,363.0
2018-11-08,363.5
2018-11-09,364.5
2018-11-10,364.5
2018-11-11,362.04
2018-11-12,363.35
2018-11-13,363.0
2018-11-14,364.5
2018-11-15,363.31
2018-11-16,364.0
2018-11-17,364.5
2018-11-18,362.22
2018-11-19,362.5
2018-11-20,364.0
2018-11-21,364.0
2018-11-22,360.71
2018-11-23,364.0
2018-11-24,364.0
2018-11-25,364.0
2018-11-26,363.25
2018-11-27,364.0
2018-11-28,364.51
2018-11-29,364.0
2018-11-30,364.0
2018-12-01,365.74
2018-12-02,364.58
2018-12-03,363.55
2018-12-04,363.75
2018-12-05,363.5
2018-12-06,364.0
2018-12-07,364.0
2018-12-08,364.0
2018-12-09,364.5
2018-12-10,364.0
2018-12-11,363.96
2018-12-12,364.0
2018-12-13,364.2
2018-12-14,363.0
2018-12-15,363.0
2018-12-16,363.0
2018-12-17,363.95
2018-12-18,365.0
2018-12-19,363.53
2018-12-20,363.75
2018-12-21,364.0
2018-12-22,364.0
2018-12-23,364.1
2018-12-24,363.96
2018-12-25,363.77
2018-12-26,364.26
2018-12-27,364.5
2018-12-28,364.0
2018-12-29,364.5
2018-12-30,363.86
2018-12-31,364.5
2019-01-01,363.08
2019-01-02,364.5
2019-01-03,364.0
2019-01-04,364.0
2019-01-05,364.5
2019-01-06,364.19
2019-01-07,364.5
2019-01-08,364.64
2019-01-09,365.38
2019-01-10,364.94
2019-01-11,365.0
2019-01-12,365.0
2019-01-13,364.61
2019-01-14,363.86
2019-01-15,364.0
2019-01-16,363.46
2019-01-17,362.59
2019-01-18,363.0
2019-01-19,363.0
2019-01-20,363.0
2019-01-21,362.43
2019-01-22,362.88
2019-01-23,362.4
2019-01-24,361.97
2019-01-25,361.75
2019-01-26,361.75
2019-01-27,361.75
2019-01-28,361.97
2019-01-29,361.94
2019-01-30,362.32
2019-01-31,362.92
2019-02-01,361.0
2019-02-02,361.0
2019-02-03,361.0
2019-02-04,361.0
2019-02-05,361.5
2019-02-06,361.73
2019-02-07,361.0
2019-02-08,361.0
2019-02-09,360.88
2019-02-10,361.0
2019-02-11,361.26
2019-02-12,361.58
2019-02-13,361.5
2019-02-14,361.44
2019-02-15,361.5
2019-02-16,361.5
2019-02-17,361.3
2019-02-18,361.79
2019-02-19,361.5
2019-02-20,362.0
2019-02-21,362.0
2019-02-22,361.75
2019-02-23,362.9
2019-02-24,361.5
2019-02-25,362.02
2019-02-26,361.4
2019-02-27,361.82
2019-02-28,361.5
2019-03-01,361.5
2019-03-03,361.73
2019-03-04,360.97
2019-03-05,360.5
2019-03-06,359.5
2019-03-07,360.49
2019-03-08,359.0
2019-03-10,360.21
2019-03-11,359.0
2019-03-12,359.0
2019-03-13,359.5
2019-03-14,359.5
2019-03-15,360.5
2019-03-17,359.0
2019-03-18,361.24
2019-03-19,360.0
2019-03-20,360.22
2019-03-21,360.28
2019-03-22,359.0
2019-03-24,359.0
2019-03-25,359.5
2019-03-26,361.02
2019-03-27,360.77
2019-03-28,360.77
2019-03-29,360.0
2019-03-31,360.4
2019-04-01,360.38
2019-04-02,359.51
2019-04-03,360.0
2019-04-04,359.76
2019-04-05,360.5
2019-04-07,360.5
2019-04-08,360.0
2019-04-09,359.75
2019-04-10,360.11
2019-04-11,360.37
2019-04-12,360.0
2019-04-14,360.02
2019-04-15,360.11
2019-04-16,360.15
2019-04-17,360.15
2019-04-18,359.75
2019-04-19,360.0
2019-04-21,360.0
2019-04-22,359.91
2019-04-23,360.5
2019-04-24,360.13
2019-04-25,360.43
2019-04-26,360.5
2019-04-27,358.64
2019-04-28,360.5
2019-04-29,359.72
2019-04-30,359.53
2019-05-01,359.38
2019-05-02,361.66
2019-05-03,360.0
2019-05-04,360.0
2019-05-05,360.0
2019-05-06,360.0
2019-05-07,359.68
2019-05-08,360.96
2019-05-09,360.03
2019-05-10,360.0
2019-05-11,360.0
2019-05-12,360.0
2019-05-13,360.51
2019-05-14,360.3
2019-05-15,360.5
2019-05-16,360.35
2019-05-17,360.5
2019-05-19,360.5
2019-05-20,360.11
2019-05-21,360.0
2019-05-22,361.01
2019-05-23,360.27
2019-05-24,360.0
2019-05-25,359.59
2019-05-26,360.0
2019-05-27,360.24
2019-05-28,360.29
2019-05-29,360.0
2019-05-30,360.0
2019-05-31,360.0
2019-06-01,360.0
2019-06-02,360.0
2019-06-03,360.0
2019-06-04,360.0
2019-06-05,360.0
2019-06-06,360.0
2019-06-07,360.0
2019-06-08,360.0
2019-06-09,360.0
2019-06-10,360.0
2019-06-11,360.0
2019-06-12,360.5
2019-06-13,360.25
2019-06-14,360.0
2019-06-15,361.36
2019-06-16,360.0
2019-06-17,360.75
2019-06-18,360.0
2019-06-19,360.36
2019-06-20,360.23
2019-06-21,360.0
2019-06-22,360.0
2019-06-23,359.99
2019-06-24,360.19
2019-06-25,360.25
2019-06-26,360.0
2019-06-27,360.41
2019-06-28,360.0
2019-06-29,360.0
2019-06-30,360.0
2019-07-01,362.24
2019-07-02,360.77
2019-07-03,360.0
2019-07-04,360.24
2019-07-05,360.0
2019-07-06,360.0
2019-07-07,360.0
2019-07-08,360.33
2019-07-09,360.0
2019-07-10,360.5
2019-07-11,359.93
2019-07-12,360.0
2019-07-14,360.72
2019-07-15,360.0
2019-07-16,361.51
2019-07-17,360.34
2019-07-18,360.65
2019-07-19,360.0
2019-07-21,361.91
2019-07-22,360.05
2019-07-23,360.51
2019-07-24,360.92
2019-07-25,360.0
2019-07-26,359.5
2019-07-28,360.0
2019-07-29,361.34
2019-07-30,360.0
2019-07-31,361.14
2019-08-01,360.0
2019-08-02,361.5
2019-08-04,361.49
2019-08-05,362.33
2019-08-06,363.5
2019-08-07,362.0
2019-08-08,362.0
2019-08-09,362.0
2019-08-11,362.5
2019-08-12,363.83
2019-08-13,363.76
2019-08-14,363.17
2019-08-15,363.66
2019-08-16,363.7
2019-08-18,363.7
2019-08-19,363.77
2019-08-20,362.53
2019-08-21,362.52
2019-08-22,362.36
2019-08-23,362.23
2019-08-25,362.23
2019-08-26,362.87
2019-08-27,363.03
2019-08-28,362.88
2019-08-29,362.76
2019-08-30,362.75
2019-09-01,363.0
2019-09-02,362.63
2019-09-03,362.59
2019-09-04,362.25
2019-09-05,362.5
2019-09-06,363.0
2019-09-08,358.93
2019-09-09,361.38
2019-09-10,361.91
2019-09-11,362.5
2019-09-12,362.5
2019-09-13,361.5
2019-09-15,361.45
2019-09-16,360.5
2019-09-17,361.15
2019-09-18,361.41
2019-09-19,361.16
2019-09-20,360.5
2019-09-22,360.5
2019-09-23,361.61
2019-09-24,361.22
2019-09-25,361.42
2019-09-26,361.5
2019-09-27,361.0
2019-09-29,362.0
2019-09-30,362.24
2019-10-01,361.82
2019-10-02,361.44
2019-10-03,361.91
2019-10-04,361.5
2019-10-06,361.5
2019-10-07,362.3
2019-10-08,361.75
2019-10-09,361.87
2019-10-10,362.1
2019-10-11,361.0
2019-10-13,361.0
2019-10-14,362.35
2019-10-15,362.24
2019-10-16,361.5
2019-10-17,361.99
2019-10-18,361.5
2019-10-20,361.67
2019-10-21,361.5
2019-10-22,361.89
2019-10-23,361.5
2019-10-24,362.5
2019-10-25,361.5
2019-10-27,361.7
2019-10-28,361.58
2019-10-29,361.21
2019-10-30,362.0
2019-10-31,362.52
2019-11-01,362.0
2019-11-03,362.0
2019-11-04,361.96
2019-11-05,362.27
2019-11-06,361.87
2019-11-07,362.29
2019-11-08,362.0
2019-11-10,362.21
2019-11-11,361.59
2019-11-12,361.95
2019-11-13,362.17
2019-11-14,362.03
2019-11-15,361.5
2019-11-16,362.12
2019-11-17,361.87
2019-11-18,362.36
2019-11-19,362.33
2019-11-20,362.5
2019-11-21,362.74
2019-11-22,362.5
2019-11-23,362.5
2019-11-24,362.32
2019-11-25,362.49
2019-11-26,362.5
2019-11-27,362.75
2019-11-28,362.95
2019-11-29,362.5
2019-11-30,362.03
2019-12-01,362.22
2019-12-02,362.34
2019-12-03,362.62
2019-12-04,361.5
2019-12-05,362.5
2019-12-06,362.5
2019-12-07,362.5
2019-12-08,362.65
2019-12-09,362.24
2019-12-10,362.67
2019-12-11,362.6
2019-12-12,361.99
2019-12-13,362.5
2019-12-14,362.5
2019-12-15,363.08
2019-12-16,363.11
2019-12-17,363.43
2019-12-18,362.86
2019-12-19,362.75
2019-12-20,362.5
2019-12-21,362.5
2019-12-22,363.09
2019-12-23,362.37
2019-12-24,362.71
2019-12-25,362.55
2019-12-26,361.96
2019-12-27,362.5
2019-12-28,362.5
2019-12-29,363.37
2019-12-30,362.89
2019-12-31,363.33
2020-01-01,366.12
2020-01-02,361.5
2020-01-03,361.5
2020-01-04,361.5
2020-01-05,362.87
2020-01-06,363.45
2020-01-07,362.5
2020-01-08,361.77
2020-01-09,362.06
2020-01-10,361.5
2020-01-11,362.04
2020-01-12,361.82
2020-01-13,362.71
2020-01-14,362.5
2020-01-15,362.07
2020-01-16,361.3
2020-01-17,361.74
2020-01-18,361.74
2020-01-19,361.74
2020-01-20,362.72
2020-01-21,361.95
2020-01-22,361.85
2020-01-23,361.61
2020-01-24,362.5
2020-01-25,362.5
2020-01-26,362.39
2020-01-27,362.65
2020-01-28,362.5
2020-01-29,362.97
2020-01-30,362.12
2020-01-31,362.0
2020-02-01,362.0
2020-02-02,362.24
2020-02-03,363.7
2020-02-04,364.06
2020-02-05,363.98
2020-02-06,363.9
2020-02-07,363.5
2020-02-08,363.5
2020-02-09,364.37
2020-02-10,364.26
2020-02-11,364.35
2020-02-12,364.25
2020-02-13,364.22
2020-02-14,363.5
2020-02-15,363.5
2020-02-16,364.3
2020-02-17,364.09
2020-02-18,364.52
2020-02-19,364.47
2020-02-20,364.43
2020-02-21,363.5
2020-02-22,363.5
2020-02-23,363.3
2020-02-24,363.5
2020-02-25,365.0
2020-02-26,364.09
2020-02-27,365.87
2020-02-28,365.5
2020-02-29,365.5
2020-03-01,365.5
2020-03-02,364.5
2020-03-03,365.64
2020-03-04,365.0
2020-03-05,365.93
2020-03-06,365.0
2020-03-07,365.5
2020-03-08,366.19
2020-03-09,366.5
2020-03-10,366.5
2020-03-11,366.35
2020-03-12,365.0
2020-03-13,365.5
2020-03-14,365.5
2020-03-15,366.77
2020-03-16,366.99
2020-03-17,368.47
2020-03-18,367.5
2020-03-19,366.52
2020-03-20,369.53
2020-03-21,369.53
2020-03-22,369.53
2020-03-23,377.97
2020-03-24,380.77
2020-03-25,364.12
2020-03-26,371.78
2020-03-27,386.81
2020-03-28,386.81
2020-03-29,381.45
2020-03-30,388.7
2020-03-31,391.47
2020-04-01,388.93
2020-04-02,383.17
2020-04-03,389.29
2020-04-04,389.29
2020-04-05,367.0
2020-04-06,378.66
2020-04-07,379.73
2020-04-08,380.93
2020-04-09,378.93
2020-04-10,382.75
2020-04-11,382.75
2020-04-12,367.0
2020-04-13,384.34
2020-04-14,385.5
2020-04-15,386.0
2020-04-16,386.5
2020-04-17,386.5
2020-04-18,385.11
2020-04-19,385.39
2020-04-20,385.19
2020-04-21,386.35
2020-04-22,390.0
2020-04-23,389.93
2020-04-24,390.0
2020-04-25,390.0
2020-04-26,388.02
2020-04-27,390.0
2020-04-28,389.78
2020-04-29,389.66
2020-04-30,390.0
2020-05-01,389.51
2020-05-02,389.51
2020-05-03,388.49
2020-05-04,389.95
2020-05-05,390.0
2020-05-06,390.0
2020-05-07,389.5
2020-05-08,390.0
2020-05-09,390.0
2020-05-10,389.77
2020-05-11,389.51
2020-05-12,388.7
2020-05-13,390.0
2020-05-14,390.14
2020-05-15,387.01
2020-05-16,387.01
2020-05-17,387.01
2020-05-18,386.42
2020-05-19,390.01
2020-05-20,388.5
2020-05-21,390.0
2020-05-22,390.5
2020-05-23,390.5
2020-05-24,390.5
2020-05-25,390.57
2020-05-26,390.5
2020-05-27,390.0
2020-05-28,387.5
2020-05-29,387.5
2020-05-30,387.5
2020-05-31,386.94
2020-06-01,387.06
2020-06-02,387.21
2020-06-03,387.82
2020-06-04,387.5
2020-06-05,387.5
2020-06-06,387.5
2020-06-07,387.93
2020-06-08,387.5
2020-06-09,387.2
2020-06-10,387.5
2020-06-11,388.0
2020-06-12,387.5
2020-06-13,387.5
2020-06-14,387.5
2020-06-15,387.5
2020-06-16,386.86
2020-06-17,387.05
2020-06-18,387.5
2020-06-19,387.5
2020-06-20,387.5
2020-06-21,387.5
2020-06-22,386.11
2020-06-23,387.24
2020-06-24,388.0
2020-06-25,387.5
2020-06-26,387.5
2020-06-27,387.5
2020-06-28,387.5
2020-06-29,387.5
2020-06-30,387.18
2020-07-01,387.88
2020-07-02,387.78
2020-07-03,388.0
2020-07-04,388.0
2020-07-05,388.0
2020-07-06,386.91
2020-07-07,387.57
2020-07-08,387.64
2020-07-09,387.24
2020-07-10,387.5
2020-07-11,387.46
2020-07-12,387.46
2020-07-13,387.51
2020-07-14,387.26
2020-07-15,387.82
2020-07-16,387.13
2020-07-17,387.5
2020-07-18,387.5
2020-07-19,387.5
2020-07-20,388.25
2020-07-21,386.9
2020-07-22,387.14
2020-07-23,388.09
2020-07-24,387.5
2020-07-25,387.5
2020-07-26,386.71
2020-07-27,389.04
2020-07-28,388.35
2020-07-29,387.14
2020-07-30,387.95
2020-07-31,388.18
2020-08-01,388.18
2020-08-02,386.51
2020-08-03,383.98
2020-08-04,383.05
2020-08-05,386.39
2020-08-06,379.0
2020-08-07,378.5
2020-08-08,386.86
2020-08-09,386.86
2020-08-10,384.6
2020-08-11,384.61
2020-08-12,383.39
2020-08-13,383.36
2020-08-14,386.23
2020-08-15,386.23
2020-08-16,386.23
2020-08-17,381.0
2020-08-18,382.5
2020-08-19,385.39
2020-08-20,386.59
2020-08-21,386.52
2020-08-22,386.52
2020-08-23,386.52
2020-08-24,385.84
2020-08-25,386.06
2020-08-26,386.02
2020-08-27,386.72
2020-08-28,387.46
2020-08-29,387.46
2020-08-30,387.46
2020-08-31,385.18
2020-09-01,386.39
2020-09-02,386.28
2020-09-03,387.29
2020-09-04,385.58
2020-09-05,385.58
2020-09-06,383.95
2020-09-07,386.69
2020-09-08,383.6
2020-09-09,382.71
2020-09-10,382.26
2020-09-11,381.0
2020-09-12,381.0
2020-09-13,381.0
2020-09-14,384.1
2020-09-15,384.64
2020-09-16,384.5
2020-09-17,385.13
2020-09-18,383.0
2020-09-19,383.0
2020-09-20,383.0
2020-09-21,381.5
2020-09-22,383.61
2020-09-23,387.49
2020-09-24,384.92
2020-09-25,380.5
2020-09-26,380.5
2020-09-27,380.5
2020-09-28,383.0
2020-09-29,384.14
2020-09-30,383.32
2020-10-01,381.44
2020-10-02,382.5
2020-10-05,383.0
2020-10-06,383.79
2020-10-07,384.68
2020-10-08,385.91
2020-10-09,383.5
2020-10-12,383.54
2020-10-13,382.9
2020-10-14,380.74
2020-10-15,381.53
2020-10-16,381.0
2020-10-19,382.0
2020-10-20,382.0
2020-10-21,381.24
2020-10-22,381.3
2020-10-23,381.0
2020-10-26,381.48
2020-10-27,380.77
2020-10-28,380.53
2020-10-29,381.0
2020-10-30,380.5
2020-11-02,383.56
2020-11-03,382.71
2020-11-04,384.23
2020-11-05,383.44
2020-11-06,382.0
2020-11-09,382.89
2020-11-10,380.0
2020-11-11,383.12
2020-11-12,382.35
2020-11-13,380.5
2020-11-16,380.5
2020-11-17,381.5
2020-11-18,383.37
2020-11-19,383.45
2020-11-20,381.0
2020-11-23,383.31
2020-11-24,381.21
2020-11-25,381.02
2020-11-26,381.17
2020-11-27,380.5
2020-11-30,383.28
2020-12-01,380.83
2020-12-02,380.86
2020-12-03,380.74
2020-12-04,380.5
2020-12-07,382.53
2020-12-08,382.18
2020-12-09,381.32
2020-12-10,380.5
2020-12-11,380.5
2020-12-14,384.16
2020-12-15,380.4
2020-12-16,384.48
2020-12-17,384.47
2020-12-18,380.0
2020-12-21,387.43
2020-12-22,387.61
2020-12-23,379.5
2020-12-24,387.78
2020-12-25,394.93
2020-12-28,381.0
2020-12-29,388.04
2020-12-30,387.59
2020-12-31,387.57
2021-01-01,396.7
2021-01-04,386.11
2021-01-05,388.31
2021-01-06,388.31
2021-01-07,389.39
2021-01-08,383.5
2021-01-11,387.66
2021-01-12,389.05
2021-01-13,386.4
2021-01-14,388.43
2021-01-15,381.2
2021-01-18,389.37
2021-01-19,385.97
2021-01-20,387.57
2021-01-21,380.5
2021-01-22,381.5
2021-01-25,386.96
2021-01-26,388.0
2021-01-27,387.54
2021-01-28,387.11
2021-01-29,380.5
2021-02-01,388.72
2021-02-02,380.0
2021-02-03,388.03
2021-02-04,387.49
2021-02-05,381.0
2021-02-08,381.0
2021-02-09,381.0
2021-02-10,391.41
2021-02-11,391.55
2021-02-12,381.0
2021-02-15,399.64
2021-02-16,396.39
2021-02-17,396.42
2021-02-18,396.14
2021-02-19,381.0
2021-02-22,396.39
2021-02-23,396.07
2021-02-24,396.01
2021-02-25,393.28
2021-02-26,381.08
2021-03-01,380.5
2021-03-02,381.0
2021-03-03,381.0
2021-03-04,380.0
2021-03-05,381.0
2021-03-08,380.5
2021-03-09,396.09
2021-03-10,396.12
2021-03-11,396.42
2021-03-12,381.0
2021-03-15,381.0
2021-03-16,380.0
2021-03-17,405.13
2021-03-18,380.5
2021-03-19,380.5
2021-03-22,395.89
2021-03-23,380.5
2021-03-24,392.12
2021-03-25,392.46
2021-03-26,380.0
2021-03-29,394.95
2021-03-30,392.13
2021-03-31,395.46
2021-04-01,392.54
2021-04-02,381.0
2021-04-05,409.36
2021-04-06,410.0
2021-04-07,397.78
2021-04-08,397.66
2021-04-09,408.49
2021-04-12,391.82
2021-04-13,382.0
2021-04-14,380.5
2021-04-15,392.04
2021-04-16,380.5
2021-04-19,408.66
2021-04-20,381.0
2021-04-21,380.5
2021-04-22,394.79
2021-04-23,381.5
2021-04-26,392.82
2021-04-27,379.5
2021-04-28,399.13
2021-04-29,394.83
2021-04-30,380.5
2021-05-03,380.5
2021-05-04,394.58
2021-05-05,380.5
2021-05-06,394.89
2021-05-07,380.5
2021-05-10,380.5
2021-05-11,409.11
2021-05-12,403.97
2021-05-13,380.0
2021-05-14,413.0
2021-05-17,410.66
2021-05-18,409.99
2021-05-19,412.19
2021-05-20,410.91
2021-05-21,412.5
2021-05-24,411.53
2021-05-25,412.5
2021-05-26,411.86
2021-05-27,412.52
2021-05-28,412.5
2021-05-31,411.98
2021-06-01,411.78
2021-06-02,411.51
2021-06-03,412.5
2021-06-04,411.5
2021-06-07,412.54
2021-06-08,411.42
2021-06-09,412.81
2021-06-10,411.61
2021-06-11,412.59
2021-06-14,412.55
2021-06-15,411.74
2021-06-16,411.12
2021-06-17,410.0
2021-06-18,410.0
2021-06-21,411.0
2021-06-22,411.03
2021-06-23,411.33
2021-06-24,410.5
2021-06-25,411.25
2021-06-28,410.5
2021-06-29,410.46
2021-06-30,410.16
2021-07-01,411.01
2021-07-02,411.5
2021-07-05,411.46
2021-07-06,411.5
2021-07-07,411.59
2021-07-08,410.93
2021-07-09,410.0
2021-07-12,411.06
2021-07-13,411.0
2021-07-14,410.65
2021-07-15,411.0
2021-07-16,411.5
2021-07-19,410.73
2021-07-20,411.27
2021-07-21,411.22
2021-07-22,411.33
2021-07-23,411.5
2021-07-26,411.64
2021-07-27,411.5
2021-07-28,411.5
2021-07-29,411.57
2021-07-30,411.47
2021-08-02,411.64
2021-08-03,411.5
2021-08-04,411.28
2021-08-05,411.54
2021-08-06,411.48
2021-08-09,411.42
2021-08-10,411.59
2021-08-11,411.58
2021-08-12,411.5
2021-08-13,411.5
2021-08-16,411.75
2021-08-17,411.9
2021-08-18,411.96
2021-08-19,411.54
2021-08-20,411.7
2021-08-23,411.7
2021-08-24,411.59
2021-08-25,411.7
2021-08-26,411.49
2021-08-27,411.5
2021-08-30,411.81
2021-08-31,411.34
2021-09-01,411.5
2021-09-02,411.86
2021-09-03,411.52
2021-09-06,411.65
2021-09-07,411.67
2021-09-08,411.54
2021-09-09,411.4
2021-09-10,411.43
2021-09-13,411.78
2021-09-14,410.18
2021-09-15,411.47
2021-09-16,411.92
2021-09-17,411.73
2021-09-20,411.85
2021-09-21,411.48
2021-09-22,412.29
2021-09-23,411.57
2021-09-24,411.5
2021-09-27,412.55
2021-09-28,410.8
2021-09-29,411.59
2021-09-30,411.23
2021-10-01,410.77
2021-10-04,412.56
2021-10-05,411.36
2021-10-06,410.34
2021-10-07,410.91
2021-10-08,410.81
2021-10-11,410.77
2021-10-12,412.58
2021-10-13,410.92
2021-10-14,410.85
2021-10-15,410.87
2021-10-18,412.58
2021-10-19,410.97
2021-10-20,410.91
2021-10-21,410.93
2021-10-22,410.91
2021-10-25,412.33
2021-10-26,410.68
2021-10-27,410.67
2021-10-28,410.68
2021-10-29,410.31
2021-11-01,412.31
2021-11-02,410.8
2021-11-03,410.92
2021-11-04,410.8
2021-11-05,410.52
2021-11-08,412.31
2021-11-09,410.81
2021-11-10,410.59
2021-11-11,410.48
2021-11-12,410.58
2021-11-15,412.6
2021-11-16,410.9
2021-11-17,411.83
2021-11-18,410.93
2021-11-19,410.84
2021-11-22,412.63
2021-11-23,409.88
2021-11-24,410.6
2021-11-25,411.4
2021-11-26,409.89
2021-11-29,412.23
2021-11-30,409.89
2021-12-01,410.48
2021-12-02,410.66
2021-12-03,409.98
2021-12-06,412.2
2021-12-07,411.07
2021-12-08,410.74
2021-12-09,411.81
2021-12-10,409.97
2021-12-13,412.34
2021-12-14,412.34
2021-12-15,412.24
2021-12-16,410.44
2021-12-17,410.16
2021-12-20,412.31
2021-12-21,411.02
2021-12-22,411.07
2021-12-23,411.2
2021-12-24,410.94
2021-12-27,411.29
2021-12-28,411.1
2021-12-29,412.84
2021-12-30,411.17
2021-12-31,411.95
2022-01-03,411.79
2022-01-04,412.74
2022-01-05,411.81
2022-01-06,412.13
2022-01-07,413.21
2022-01-10,413.71
2022-01-11,412.27
2022-01-12,413.94
2022-01-13,412.34
2022-01-14,414.29
2022-01-17,415.14
2022-01-18,415.29
2022-01-19,414.67
2022-01-20,412.93
2022-01-21,414.95
2022-01-24,415.85
2022-01-25,414.72
2022-01-26,415.13
2022-01-27,415.49
2022-01-28,415.66
2022-01-31,415.83
2022-02-01,415.54
2022-02-02,415.79
2022-02-03,415.77
2022-02-04,416.2
2022-02-07,415.95
2022-02-08,416.07
2022-02-09,416.62
2022-02-10,416.95
2022-02-11,417.01
2022-02-14,415.74
2022-02-15,415.89
2022-02-16,416.02
2022-02-17,415.81
2022-02-18,415.87
2022-02-21,415.98
2022-02-22,415.91
2022-02-23,415.96
2022-02-24,416.14
2022-02-25,415.56
2022-02-28,415.97
2022-03-01,415.96
2022-03-02,415.9
2022-03-03,416.79
2022-03-04,418.24
2022-03-07,415.29
2022-03-08,415.52
2022-03-09,415.99
2022-03-10,415.84
2022-03-11,415.84
2022-03-14,415.54
2022-03-15,415.82
2022-03-16,416.09
2022-03-17,416.26
2022-03-18,415.92
2022-03-21,415.84
2022-03-22,415.44
2022-03-23,415.83
2022-03-24,416.09
2022-03-25,415.75
2022-03-28,415.65
2022-03-29,415.76
2022-03-30,415.89
2022-03-31,415.67
2022-04-01,415.72
2022-04-04,415.67
2022-04-05,415.84
2022-04-06,416.15
2022-04-07,415.83
2022-04-08,415.65
2022-04-11,416.08
2022-04-12,415.47
2022-04-13,415.31
2022-04-14,414.84
2022-04-15,414.52
2022-04-18,416.76
2022-04-19,415.51
2022-04-20,415.89
2022-04-21,417.3
2022-04-22,415.58
2022-04-25,415.14
2022-04-26,416.04
2022-04-27,415.67
2022-04-28,415.23
2022-04-29,415.26
2022-05-02,415.19
2022-05-03,413.08
2022-05-04,415.46
2022-05-05,415.41
2022-05-06,415.19
2022-05-09,415.79
2022-05-10,415.11
2022-05-11,415.18
2022-05-12,415.51
2022-05-13,415.26
2022-05-16,415.77
2022-05-17,414.86
2022-05-18,415.4
2022-05-19,415.2
2022-05-20,415.12
2022-05-23,415.5
2022-05-24,415.22
2022-05-25,415.1
2022-05-26,415.21
2022-05-27,415.22
2022-05-30,414.98
2022-05-31,415.2
2022-06-01,415.02
2022-06-02,415.09
2022-06-03,415.12
2022-06-06,415.07
2022-06-07,415.08
2022-06-08,414.97
2022-06-09,415.13
2022-06-10,415.13
2022-06-13,415.15
2022-06-14,419.67
2022-06-15,417.88
2022-06-16,418.11
2022-06-17,415.37
2022-06-20,419.75
2022-06-21,417.95
2022-06-22,415.02
2022-06-23,415.13
2022-06-24,414.99
2022-06-27,417.92
2022-06-28,415.1
2022-06-29,414.93
2022-06-30,415.06
2022-07-01,415.26
2022-07-04,417.92
2022-07-05,417.96
2022-07-06,418.03
2022-07-07,417.92
2022-07-08,418.19
2022-07-11,418.44
2022-07-12,417.82
2022-07-13,415.33
2022-07-14,421.59
2022-07-15,415.4
2022-07-18,421.59
2022-07-19,421.65
2022-07-20,421.35
2022-07-21,421.51
2022-07-22,414.72
2022-07-25,421.48
2022-07-26,421.53
2022-07-27,421.41
2022-07-28,421.7
2022-07-29,415.87
2022-08-01,422.01
2022-08-02,421.81
2022-08-03,415.51
2022-08-04,416.21
2022-08-05,417.57
2022-08-08,416.01
2022-08-09,415.85
2022-08-10,418.1
2022-08-11,418.87
2022-08-12,419.22
2022-08-15,423.34
2022-08-16,423.16
2022-08-17,423.83
2022-08-18,423.55
2022-08-19,420.33
2022-08-22,423.73
2022-08-23,423.95
2022-08-24,423.96
2022-08-25,423.93
2022-08-26,422.2
2022-08-29,426.25
2022-08-30,421.16
2022-08-31,420.51
2022-09-01,421.58
2022-09-02,423.42
2022-09-05,428.75
2022-09-06,423.65
2022-09-07,424.04
2022-09-08,425.4
2022-09-09,427.26
2022-09-12,423.6
2022-09-13,427.6
2022-09-14,427.41
2022-09-15,427.82
2022-09-16,428.88
2022-09-19,432.93
2022-09-20,430.63
2022-09-21,431.03
2022-09-22,432.34
2022-09-23,430.55
2022-09-26,433.71
2022-09-27,433.26
2022-09-28,431.31
2022-09-29,434.18
2022-09-30,432.37
2022-10-03,432.35
2022-10-04,434.52
2022-10-05,434.06
2022-10-06,432.52
2022-10-07,433.72
2022-10-10,432.87
2022-10-11,434.28
2022-10-12,438.85
2022-10-13,435.14
2022-10-14,435.18
2022-10-17,438.72
2022-10-18,436.3
2022-10-19,436.55
2022-10-20,436.32
2022-10-21,436.61
2022-10-24,438.4
2022-10-25,436.5
2022-10-26,434.57
2022-10-27,435.18
2022-10-28,438.0
2022-10-31,439.93
2022-11-01,441.0
2022-11-02,438.87
2022-11-03,438.6
2022-11-04,439.38
2022-11-07,441.57
2022-11-08,441.47
2022-11-09,440.08
2022-11-10,440.45
2022-11-11,440.96
2022-11-14,442.92
2022-11-15,441.44
2022-11-16,440.96
2022-11-17,441.47
2022-11-18,442.66
2022-11-21,442.83
2022-11-22,443.48
2022-11-23,441.67
2022-11-24,442.96
2022-11-25,443.26
2022-11-28,444.02
2022-11-29,443.62
2022-11-30,443.91
2022-12-01,443.83
2022-12-02,444.17
2022-12-05,443.99
2022-12-06,444.05
2022-12-07,443.97
2022-12-08,444.97
2022-12-09,444.97
2022-12-12,444.16
2022-12-13,444.18
2022-12-14,445.46
2022-12-15,444.42
2022-12-16,445.47
2022-12-19,448.84
2022-12-20,445.88
2022-12-21,445.96
2022-12-22,445.88
2022-12-23,446.63
2022-12-26,445.88
2022-12-27,445.76
2022-12-28,446.64
2022-12-29,445.95
2022-12-30,448.08
2023-01-02,447.46
2023-01-03,448.55
2023-01-04,455.98
2023-01-05,448.45
2023-01-06,450.05
2023-01-09,456.4
2023-01-10,450.76
2023-01-11,451.38
2023-01-12,451.74
2023-01-13,452.59
2023-01-16,457.36
2023-01-17,457.96
2023-01-18,456.89
2023-01-19,460.5
2023-01-20,455.06
2023-01-23,458.66
2023-01-24,455.04
2023-01-25,457.01
2023-01-26,457.42
2023-01-27,460.28
2023-01-30,460.54
2023-01-31,459.9
2023-02-01,460.49
2023-02-02,460.19
2023-02-03,460.54
2023-02-06,460.23
2023-02-07,459.8
2023-02-08,460.04
2023-02-09,460.52
2023-02-10,459.49
2023-02-13,460.54
2023-02-14,460.74
2023-02-15,461.66
2023-02-16,460.51
2023-02-17,460.54
2023-02-20,460.72
2023-02-21,461.11
2023-02-22,460.13
2023-02-23,460.12
2023-02-24,459.0
2023-02-27,460.24
2023-02-28,460.13
2023-03-01,459.5
2023-03-02,460.11
2023-03-03,459.0
2023-03-06,460.43
2023-03-07,460.37
2023-03-08,460.43
2023-03-09,460.6
2023-03-10,458.17
2023-03-13,460.72
2023-03-14,460.43
2023-03-15,460.61
2023-03-16,460.4
2023-03-17,458.74
2023-03-20,460.48
2023-03-21,460.37
2023-03-22,460.44
2023-03-23,460.16
2023-03-24,460.48
2023-03-27,460.74
2023-03-28,459.89
2023-03-29,460.16
2023-03-30,460.41
2023-03-31,460.34
2023-04-03,461.25
2023-04-04,462.03
2023-04-05,461.94
2023-04-06,460.12
2023-04-07,465.0
2023-04-10,460.68
2023-04-11,462.01
2023-04-12,461.72
2023-04-13,462.03
2023-04-14,464.5
2023-04-17,460.42
2023-04-18,462.04
2023-04-19,460.59
2023-04-20,461.52
2023-04-21,460.53
2023-04-24,459.07
2023-04-25,460.45
2023-04-26,461.51
2023-04-27,460.81
2023-04-28,461.5
2023-05-01,460.34
2023-05-02,460.82
2023-05-03,460.56
2023-05-04,461.5
2023-05-05,461.5
2023-05-08,460.92
2023-05-09,461.24
2023-05-10,461.3
2023-05-11,462.1
2023-05-12,462.5
2023-05-15,462.06
2023-05-16,460.67
2023-05-17,460.67
2023-05-18,461.19
2023-05-19,462.0
2023-05-22,462.5
2023-05-23,460.77
2023-05-24,462.57
2023-05-25,460.96
2023-05-26,461.5
2023-05-29,460.72
2023-05-30,461.65
2023-05-31,461.05
2023-06-01,461.06
2023-06-02,462.0
2023-06-05,462.97
2023-06-06,463.87
2023-06-07,462.0
2023-06-08,462.39
2023-06-09,464.0
2023-06-12,462.8
2023-06-13,463.29
2023-06-14,465.5
2023-06-15,465.5
2023-06-16,656.5
2023-06-19,651.92
2023-06-20,690.31
2023-06-21,755.5
2023-06-22,774.96
2023-06-23,823.0
2023-06-26,783.12
2023-06-27,764.74
2023-06-28,759.69
2023-06-29,754.38
2023-06-30,760.27
2023-07-03,763.11
2023-07-04,765.85
2023-07-05,774.52
2023-07-06,774.06
2023-07-07,769.5
2023-07-10,774.09
2023-07-11,790.31
2023-07-12,776.5
2023-07-13,777.5
2023-07-14,777.04
2023-07-17,777.5
2023-07-18,778.62
2023-07-19,791.51
2023-07-20,781.78
2023-07-21,776.5
2023-07-24,792.61
2023-07-25,789.28
2023-07-26,791.11
2023-07-27,790.99
2023-07-28,775.71
2023-07-31,760.4
2023-08-01,758.52
2023-08-02,776.36
2023-08-03,778.0
2023-08-04,767.45
2023-08-07,768.23
2023-08-08,750.97
2023-08-09,765.52
2023-08-10,769.24
2023-08-11,769.2
2023-08-14,768.55
2023-08-15,761.5
2023-08-16,760.61
2023-08-17,768.48
2023-08-18,769.5
2023-08-21,765.43
2023-08-22,761.09
2023-08-23,761.33
2023-08-24,755.81
2023-08-25,772.34
2023-08-28,772.65
2023-08-29,772.47
2023-08-30,773.2
2023-08-31,774.12
2023-09-01,775.5
2023-09-04,757.49
2023-09-05,758.2
2023-09-06,754.36
2023-09-07,754.17
2023-09-08,785.5
2023-09-11,752.83
2023-09-12,744.92
2023-09-13,745.68
2023-09-14,777.67
2023-09-15,784.74
2023-09-18,788.16
2023-09-19,775.54
2023-09-20,774.44
2023-09-21,770.01
2023-09-22,770.5
2023-09-25,780.24
2023-09-26,779.55
2023-09-27,781.5
2023-09-28,778.57
2023-09-29,770.5
2023-10-02,768.57
2023-10-03,766.0
2023-10-04,766.23
2023-10-05,759.36
2023-10-06,767.0
2023-10-09,766.71
2023-10-10,763.42
2023-10-11,766.61
2023-10-12,768.6
2023-10-13,770.01
2023-10-16,770.62
2023-10-17,765.5
2023-10-18,765.33
2023-10-19,772.53
2023-10-20,764.0
2023-10-23,874.71
2023-10-24,883.62
2023-10-25,800.9
2023-10-26,796.14
2023-10-27,795.0
2023-10-30,788.3
2023-10-31,786.68
2023-11-01,787.29
2023-11-02,786.09
2023-11-03,788.5
2023-11-06,803.42
2023-11-07,795.08
2023-11-08,795.11
2023-11-09,803.2
2023-11-10,805.0
2023-11-13,803.67
2023-11-14,802.67
2023-11-15,791.76
2023-11-16,791.76
2023-11-17,791.76
2023-11-20,820.18
2023-11-21,818.67
2023-11-22,816.11
2023-11-23,804.94
2023-11-24,812.5
2023-11-27,800.57
2023-11-28,799.5
2023-11-29,792.41
2023-11-30,789.92
2023-12-01,789.0
2023-12-04,797.47
2023-12-05,798.0
2023-12-06,803.5
2023-12-07,801.0
2023-12-08,803.5
2023-12-11,791.88
2023-12-12,789.54
2023-12-13,796.04
2023-12-14,792.2
2023-12-15,802.99
2023-12-18,789.91
2023-12-19,794.59
2023-12-20,824.98
2023-12-21,824.85
2023-12-22,823.68
2023-12-25,764.5
2023-12-26,764.5
2023-12-27,764.5
2023-12-28,897.5
2023-12-29,896.64
2024-01-01,899.1
2024-01-02,884.65
2024-01-03,886.72
2024-01-04,891.84
2024-01-05,914.5
2024-01-08,884.35
2024-01-09,896.75
2024-01-10,932.96
2024-01-11,954.2
2024-01-12,957.51
2024-01-15,958.05
2024-01-16,912.01
2024-01-17,873.48
2024-01-18,871.44
2024-01-19,891.04
2024-01-22,901.12
2024-01-23,909.33
2024-01-24,900.68
2024-01-25,900.93
2024-01-26,899.2
2024-01-29,902.03
2024-01-30,950.38
2024-01-31,951.41
2024-02-01,951.41
2024-02-02,951.41
2024-02-05,905.0
2024-02-06,905.0
2024-02-07,1407.64
2024-02-08,1398.66
2024-02-09,1428.39
2024-02-12,1456.96
2024-02-13,1493.13
2024-02-14,1514.08
2024-02-15,1522.92
2024-02-16,1506.52
2024-02-19,1518.69
2024-02-20,1508.37
2024-02-21,1597.77
2024-02-22,1576.24
2024-02-23,1561.21
2024-02-26,1541.61
2024-02-27,1544.71
2024-02-28,1569.9
2024-02-29,1583.94
2024-03-01,1556.94
2024-03-04,1542.79
2024-03-05,1549.84
2024-03-06,1557.65
2024-03-07,1580.75
2024-03-08,1587.75
2024-03-11,1590.03
2024-03-12,1599.61
2024-03-13,1591.47
2024-03-14,1587.27
2024-03-15,1591.23
2024-03-18,1580.6
2024-03-19,1556.16
2024-03-20,1489.17
2024-03-21,1482.07
2024-03-22,1424.14
2024-03-25,1415.7
2024-03-26,1411.93
2024-03-27,1371.03
2024-03-28,1359.65
2024-03-29,1329.29
2024-04-01,1302.67
2024-04-02,1306.5
2024-04-03,1292.52
2024-04-04,1267.4
2024-04-05,1260.21
2024-04-08,1251.6
2024-04-09,1238.07
2024-04-10,1242.38
2024-04-11,1242.59
2024-04-12,1240.82
2024-04-15,1143.55
2024-04-16,1150.56
2024-04-17,1139.52
2024-04-18,1141.67
2024-04-19,1145.65
2024-04-22,1145.51
2024-04-23,1157.81
2024-04-24,1232.64
2024-04-25,1241.23
2024-04-26,1232.96
2024-04-29,1244.03
2024-04-30,1351.11
2024-05-01,1358.3
2024-05-02,1353.52
2024-05-03,1372.7
2024-05-06,1378.51
2024-05-07,1377.08
2024-05-08,1384.34
2024-05-09,1399.39
2024-05-10,1423.41
2024-05-13,1437.38
2024-05-14,1413.53
2024-05-15,1500.35
2024-05-16,1502.92
2024-05-17,1504.92
2024-05-20,1497.59
2024-05-21,1497.51
2024-05-22,1435.0
2024-05-23,1439.37
2024-05-24,1444.72
2024-05-27,1466.7
2024-05-28,1399.57
2024-05-29,1378.7
2024-05-30,1360.25
2024-05-31,1439.1
2024-06-03,1472.89
2024-06-04,1473.1
2024-06-05,1486.79
2024-06-06,1481.47
2024-06-07,1488.5
2024-06-10,1460.92
2024-06-11,1493.09
2024-06-12,1505.25
2024-06-13,1511.21
2024-06-14,1507.16
2024-06-17,1487.91
2024-06-18,1489.44
2024-06-19,1498.67
2024-06-20,1498.57
2024-06-21,1485.19
2024-06-24,1490.52
2024-06-25,1493.23
2024-06-26,1508.72
2024-06-27,1520.15
2024-06-28,1505.35
2024-07-01,1512.54
2024-07-02,1512.05
2024-07-03,1519.0
2024-07-04,1517.72
2024-07-05,1519.09
2024-07-08,1517.34
2024-07-09,1525.69
2024-07-10,1536.55
2024-07-11,1536.08
2024-07-12,1582.83
2024-07-15,1576.75
2024-07-16,1584.24
2024-07-17,1586.26
2024-07-18,1585.42
2024-07-19,1589.29
2024-07-22,1613.1
2024-07-23,1598.2
2024-07-24,1595.11
2024-07-25,1601.3
2024-07-26,1601.29
2024-07-29,1611.14
2024-07-30,1613.9
2024-07-31,1632.13
2024-08-01,1649.57
2024-08-02,1646.15
2024-08-05,1607.37
2024-08-06,1595.27
2024-08-07,1586.28
2024-08-08,1587.85
2024-08-09,1583.3
2024-08-12,1569.81
2024-08-13,1572.56
2024-08-14,1581.3
2024-08-15,1587.34
2024-08-16,1586.48
2024-08-19,1579.45
2024-08-20,1587.02
2024-08-21,1570.7
2024-08-22,1567.39
2024-08-23,1559.29
2024-08-26,1573.79
2024-08-27,1586.9
2024-08-28,1587.35
2024-08-29,1589.84
2024-08-30,1587.03
2024-09-02,1589.05
2024-09-03,1590.63
2024-09-04,1589.8
2024-09-05,1598.14
2024-09-06,1593.7
2024-09-09,1612.74
2024-09-10,1625.98
2024-09-11,1646.06
2024-09-12,1645.94
2024-09-13,1642.61
2024-09-16,1642.68
2024-09-17,1641.9
2024-09-18,1641.23
2024-09-19,1635.56
2024-09-20,1628.87
2024-09-23,1628.77
2024-09-24,1599.71
2024-09-25,1641.65
2024-09-26,1639.24
2024-09-27,1639.71
2024-09-30,1653.98
2024-10-01,1658.37
2024-10-02,1661.35
2024-10-03,1657.55
2024-10-04,1639.56
2024-10-07,1622.09
2024-10-08,1616.61
2024-10-09,1613.83
2024-10-10,1617.07
2024-10-11,1625.55
2024-10-14,1622.88
2024-10-15,1625.79
2024-10-16,1631.86
2024-10-17,1631.51
2024-10-18,1632.24
2024-10-21,1628.25
2024-10-22,1634.58
2024-10-23,1644.49
2024-10-24,1646.42
2024-10-25,1632.37
2024-10-28,1634.45
2024-10-29,1634.7
2024-10-30,1641.73
2024-10-31,1645.32
2024-11-01,1632.99
2024-11-04,1635.05
2024-11-05,1641.77
2024-11-06,1668.62
2024-11-07,1668.12
2024-11-08,1669.23
2024-11-11,1668.2
2024-11-12,1677.21
2024-11-13,1680.01
2024-11-14,1681.27
2024-11-15,1668.03
2024-11-18,1661.08
2024-11-19,1673.86
2024-11-20,1672.76
2024-11-21,1674.38
2024-11-22,1680.94
2024-11-25,1684.24
2024-11-26,1675.83
2024-11-27,1685.62
2024-11-28,1683.62
2024-11-29,1678.91
2024-12-02,1674.68
2024-12-03,1665.39
2024-12-04,1658.35
2024-12-05,1610.29
2024-12-06,1558.54
2024-12-09,1542.45
2024-12-10,1529.14
2024-12-11,1538.75
2024-12-12,1536.36
2024-12-13,1539.56
2024-12-16,1539.57
2024-12-17,1542.56
2024-12-18,1544.93
2024-12-19,1540.73
2024-12-20,1541.8
2024-12-23,1539.18
2024-12-24,1537.96
2024-12-25,1536.22
2024-12-26,1538.76
2024-12-27,1538.26
2024-12-30,1538.24
2024-12-31,1534.2
2025-01-01,1533.79
2025-01-02,1538.02
2025-01-03,1535.36
2025-01-06,1531.34
2025-01-07,1534.38
2025-01-08,1538.38
2025-01-09,1540.36
2025-01-10,1543.79
2025-01-13,1548.87
2025-01-14,1549.26
2025-01-15,1551.86
2025-01-16,1552.31
2025-01-17,1550.06
2025-01-20,1552.56
2025-01-21,1552.61
2025-01-22,1554.26
2025-01-23,1555.25
2025-01-24,1534.65
2025-01-27,1531.53
2025-01-28,1533.27
2025-01-29,1520.2
2025-01-30,1519.1
2025-01-31,1521.58
2025-02-03,1491.37
2025-02-04,1497.47
2025-02-05,1494.84
2025-02-06,1497.86
2025-02-07,1501.29
2025-02-10,1499.42
2025-02-11,1498.7
2025-02-12,1504.2
2025-02-13,1507.06
2025-02-14,1511.88
2025-02-17,1509.96
2025-02-18,1508.4
2025-02-19,1507.0
2025-02-20,1507.33
2025-02-21,1503.6
2025-02-24,1502.54
2025-02-25,1501.19
2025-02-26,1499.97
2025-02-27,1497.99
2025-02-28,1500.95
2025-03-03,1498.48
2025-03-04,1499.45
2025-03-05,1499.3
2025-03-06,1501.17
2025-03-07,1505.07
2025-03-10,1509.06
2025-03-11,1531.01
2025-03-12,1533.33
2025-03-13,1538.59
2025-03-14,1534.07
2025-03-17,1536.44
2025-03-18,1535.71
2025-03-19,1536.21
2025-03-20,1536.24
2025-03-21,1536.98
2025-03-24,1532.79
2025-03-25,1534.34
2025-03-26,1537.21
2025-03-27,1538.36
2025-03-28,1536.79
2025-03-31,1532.2
2025-04-01,1533.65
2025-04-02,1535.05
2025-04-03,1532.81
2025-04-04,1529.97
2025-04-07,1601.36
2025-04-08,1580.61
2025-04-09,1564.1
2025-04-10,1583.55
2025-04-11,1589.15
2025-04-14,1596.59
2025-04-15,1603.63
2025-04-16,1601.61
2025-04-17,1603.41
2025-04-18,1604.29
2025-04-21,1603.55
2025-04-22,1603.19
2025-04-23,1603.81
2025-04-24,1604.27
2025-04-25,1605.7
2025-04-28,1603.37
2025-04-29,1601.22
2025-04-30,1601.53
2025-05-01,1601.72
2025-05-02,1601.39
2025-05-05,1600.12
2025-05-06,1601.09
2025-05-07,1605.7
2025-05-08,1607.05
2025-05-09,1604.35
2025-05-12,1599.32
2025-05-13,1599.88
2025-05-14,1598.71
2025-05-15,1600.71
2025-05-16,1599.34
2025-05-19,1597.51
2025-05-20,1597.22
2025-05-21,1585.89
2025-05-22,1585.88
2025-05-23,1580.65
2025-05-26,1580.95
2025-05-27,1582.61
2025-05-28,1586.64
2025-05-29,1587.32
2025-05-30,1586.77
2025-06-02,1582.45
2025-06-03,1578.77
2025-06-04,1579.23
2025-06-05,1567.81
2025-06-06,1564.28
2025-06-09,1555.42
2025-06-10,1547.07
2025-06-11,1545.71
2025-06-12,1535.95
2025-06-13,1534.0
2025-06-16,1545.51
2025-06-17,1545.85
2025-06-18,1547.57
2025-06-19,1548.51
2025-06-20,1546.55
2025-06-23,1549.64
2025-06-24,1547.14
2025-06-25,1549.77
2025-06-26,1544.23
2025-06-27,1540.33
2025-06-30,1535.01
2025-07-01,1530.49
2025-07-02,1532.07
2025-07-03,1525.34
2025-07-04,1526.92
2025-07-07,1530.44
2025-07-08,1529.55
2025-07-09,1525.86
2025-07-10,1530.59
2025-07-11,1529.97
2025-07-14,1529.44
2025-07-15,1530.19
2025-07-16,1528.89
2025-07-17,1529.75
2025-07-18,1530.11
2025-07-21,1528.83
2025-07-22,1530.69
2025-07-23,1528.44
2025-07-24,1527.33
2025-07-25,1529.38
2025-07-28,1528.59
2025-07-29,1530.61
2025-07-30,1531.51
2025-07-31,1531.66
2025-08-01,1530.34
2025-08-04,1529.37
2025-08-05,1529.6
2025-08-06,1530.31
2025-08-07,1532.47
2025-08-08,1533.01
